1131606,武蔵増戸,11316,あきる野市伊奈,139.256355,35.730961
1131605,武蔵引田,11316,あきる野市下引田,139.269907,35.729711
1131607,武蔵五日市,11316,あきる野市舘谷,139.228039,35.732248
1131603,東秋留,11316,あきる野市野辺,139.311665,35.725904
1131604,秋川,11316,あきる野市油平,139.286715,35.727998
1132007,亀有,11320,葛飾区亀有３,139.847573,35.766527
2300303,京成金町,23003,葛飾区金町５-３７-９,139.870387,35.768471
1132008,金町,11320,葛飾区金町６丁目,139.870482,35.769582
2300204,四ツ木,23002,葛飾区四つ木１-１-１,139.834918,35.731962
2300302,柴又,23003,葛飾区柴又４-８-１４,139.875188,35.756323
9934002,新柴又,99340,葛飾区柴又５-７-１,139.879376,35.75101
1131325,新小岩,11313,葛飾区新小岩１丁目,139.857777,35.716903
1131405,新小岩,11314,葛飾区新小岩１丁目,139.857777,35.716903
2300108,お花茶屋,23001,葛飾区宝町２-３７-１,139.83988,35.747585
2300107,堀切菖蒲園,23001,葛飾区堀切５-１-１,139.827545,35.747649
2300205,京成立石,23002,葛飾区立石４-２４-１,139.848558,35.738281
9930420,篠崎,99304,江戸川区篠崎町７-２７-１,139.903698,35.706017
9930418,一之江,99304,江戸川区春江町４-２,139.882934,35.686055
9930419,瑞江,99304,江戸川区瑞江２-２-１,139.89761,35.693318
2800416,西葛西,28004,江戸川区西葛西６-１４-１,139.859259,35.664631
9930417,船堀,99304,江戸川区船堀３-６-１,139.864258,35.683795
2800417,葛西,28004,江戸川区中葛西５-４３-１１,139.872458,35.663554
1131326,小岩,11313,江戸川区南小岩７丁目,139.881755,35.733207
1131324,平井,11313,江戸川区平井３丁目,139.842181,35.70643
2300111,京成小岩,23001,江戸川区北小岩２-１０-９,139.88371,35.742158
2300112,江戸川,23001,江戸川区北小岩３-２４-１５,139.896226,35.737723
1132606,葛西臨海公園,11326,江戸川区臨海町６丁目,139.861529,35.644392
1132603,越中島,11326,江東区越中島２丁目,139.792713,35.667946
1131323,亀戸,11313,江東区亀戸５丁目,139.826262,35.697345
2100505,亀戸,21005,江東区亀戸５丁目,139.826791,35.697708
2100504,亀戸水神,21005,江東区亀戸８-５-１,139.833422,35.699976
2800814,住吉,28008,江東区住吉２-２３-１２,139.815681,35.689073
9930413,住吉,99304,江東区住吉２-２３-１２,139.815681,35.689073
9930114,森下,99301,江東区森下２-１７-１７,139.797042,35.68796
9930411,森下,99304,江東区森下２-１７-１７,139.797042,35.68796
9931110,青海,99311,江東区青海１,139.781132,35.62467
9933704,東京テレポート,99337,江東区青海１-２,139.778896,35.62753
9931108,東京国際クルーズターミナル,99311,江東区青海1丁目1-49,139.773157,35.621462
9931109,テレコムセンター,99311,江東区青海２-２９,139.779327,35.617593
9930414,西大島,99304,江東区大島２-４１-１９,139.826206,35.689349
9930415,大島,99304,江東区大島５-１０-８,139.83565,35.689905
9930416,東大島,99304,江東区大島９-３-１４,139.845963,35.690355
1132604,潮見,11326,江東区潮見２丁目,139.817341,35.658702
9933702,東雲,99337,江東区東雲２-８-１０,139.804395,35.640987
2800414,東陽町,28004,江東区東陽４-２-１,139.817596,35.669629
2800415,南砂町,28004,江東区南砂３-１１-８５,139.83065,35.668796
2800811,清澄白河,28008,江東区白河１-７-１４,139.798851,35.682105
9930115,清澄白河,99301,江東区白河１-７-１４,139.798851,35.682105
9931114,市場前,99311,江東区豊洲６丁目,139.78564,35.645684
9931115,新豊洲,99311,江東区豊洲６丁目,139.789996,35.648718
2800413,木場,28004,江東区木場５-５-１,139.807042,35.669351
2800412,門前仲町,28004,江東区門前仲町１丁目,139.796209,35.671851
9930116,門前仲町,99301,江東区門前仲町１丁目,139.796209,35.671851
9931113,有明テニスの森,99311,江東区有明１丁目,139.78888,35.639964
9931112,有明,99311,江東区有明２-５,139.793269,35.634596
9933703,国際展示場,99337,江東区有明２-５-２５,139.791617,35.63441
9931111,東京ビッグサイト,99311,江東区有明三丁目6-15,139.791228,35.630158
9931103,竹芝,99311,港区海岸１-１３-１０,139.762037,35.654099
9931104,日の出,99311,港区海岸２-７-６８,139.75906,35.649136
9931105,芝浦ふ頭,99311,港区海岸３-２２-１２,139.757852,35.641773
2800113,虎ノ門,28001,港区虎ノ門１-１-２１,139.749832,35.670236
2800317,神谷町,28003,港区虎ノ門５-１２-１１,139.745069,35.662978
2800322,虎ノ門ヒルズ,28003,港区虎ノ門一丁目22-12,139.747778,35.667444
1130230,高輪ゲートウェイ,11302,港区港南二丁目10-145,139.7407,35.6355
1133236,高輪ゲートウェイ,11332,港区港南二丁目10-145,139.7407,35.6355
2800917,白金高輪,28009,港区高輪１-３-２０,139.734104,35.642903
9930303,白金高輪,99303,港区高輪１-３-２０,139.734104,35.642903
2700101,泉岳寺,27001,港区高輪２-１６-３４,139.74002,35.638692
9930207,泉岳寺,99302,港区高輪２-１６-３４,139.74002,35.638692
9930208,三田,99302,港区芝５-３４-１０,139.748775,35.64818
9930304,三田,99303,港区芝５-３４-１０,139.748775,35.64818
9930305,芝公園,99303,港区芝公園４-８-１４,139.749824,35.654074
9930306,御成門,99303,港区西新橋３-２４-６,139.751535,35.661215
2800115,赤坂見附,28001,港区赤坂３-１-６,139.737047,35.677021
2800213,赤坂見附,28002,港区赤坂３-１-６,139.737047,35.677021
2800515,赤坂,28005,港区赤坂５丁目,139.738348,35.67323
9931106,お台場海浜公園,99311,港区台場２-３,139.778607,35.629813
9931107,台場,99311,港区台場２-６,139.771435,35.625908
9931102,汐留,99311,港区東新橋１丁目５,139.759985,35.662871
9930120,汐留,99301,港区東新橋１丁目５,139.760642,35.663703
9930122,赤羽橋,99301,港区東麻布１-２８-１３,139.743642,35.655007
2800116,青山一丁目,28001,港区南青山１-１-１９,139.724159,35.672765
2800803,青山一丁目,28008,港区南青山１-１-１９,139.724159,35.672765
9930125,青山一丁目,99301,港区南青山１-１-１９,139.72396,35.672929
2800516,乃木坂,28005,港区南青山１丁目,139.726215,35.666572
2800319,広尾,28003,港区南麻布５-１０-２８,139.722202,35.652279
9930206,高輪台,99302,港区白金台２-２６-７,139.730305,35.631679
2800918,白金台,28009,港区白金台３-２,139.726133,35.637917
9930302,白金台,99303,港区白金台３-２,139.726133,35.637917
9930121,大門,99301,港区浜松町１-２７-１２,139.75466,35.656785
9930209,大門,99302,港区浜松町１-２７-１２,139.75466,35.656785
2800117,外苑前,28001,港区北青山２-７-１６,139.717857,35.670527
2800118,表参道,28001,港区北青山３丁目,139.712314,35.665247
2800517,表参道,28005,港区北青山３丁目,139.712314,35.665247
2800802,表参道,28008,港区北青山３丁目,139.712314,35.665247
2800916,麻布十番,28009,港区麻布十番４-４-９,139.737051,35.654682
9930123,麻布十番,99301,港区麻布十番４-４-９,139.736116,35.656503
2800915,六本木一丁目,28009,港区六本木１-４-１,139.739,35.665595
2800318,六本木,28003,港区六本木６-１-２５,139.731443,35.662836
9930124,六本木,99301,港区六本木６-１-２５,139.731567,35.663921
9930503,荒川区役所前,99305,荒川区荒川１,139.786456,35.73493
9930504,荒川二丁目,99305,荒川区荒川２,139.784696,35.738623
9930507,町屋二丁目,99305,荒川区荒川６,139.776625,35.743837
9930505,荒川七丁目,99305,荒川区荒川７,139.78417,35.741975
9930506,町屋駅前,99305,荒川区荒川７,139.781145,35.74275
1132003,三河島,11320,荒川区西日暮里１丁目,139.777131,35.733383
2300103,新三河島,23001,荒川区西日暮里６-２-１,139.773834,35.73714
9930511,小台,99305,荒川区西尾久５,139.761779,35.750579
9930512,荒川遊園地前,99305,荒川区西尾久５,139.757767,35.750744
9930513,荒川車庫前,99305,荒川区西尾久７,139.752617,35.750909
2300104,町屋,23001,荒川区町屋１丁目,139.781499,35.742354
2800504,町屋,28005,荒川区町屋１丁目,139.780501,35.742733
9930508,東尾久三丁目,99305,荒川区東尾久３,139.774386,35.745398
9934203,赤土小学校前,99342,荒川区東尾久４-７-７,139.768989,35.742454
9934204,熊野前,99342,荒川区東尾久５,139.769695,35.748972
9930509,熊野前,99305,荒川区東尾久５,139.769204,35.749212
9930510,宮ノ前,99305,荒川区東尾久５,139.764955,35.750135
9930501,三ノ輪橋,99305,荒川区南千住１,139.791412,35.732248
9930502,荒川一中前,99305,荒川区南千住１-１,139.788988,35.733659
9930904,南千住,99309,荒川区南千住４丁目,139.798783,35.732413
2800302,南千住,28003,荒川区南千住４丁目,139.799273,35.733398
1132004,南千住,11320,荒川区南千住４丁目,139.7994,35.734033
1130503,西国分寺,11305,国分寺市西恋ケ窪２丁目,139.465994,35.699744
1131225,西国分寺,11312,国分寺市西恋ケ窪２丁目,139.465994,35.699744
1130323,矢川,11303,国立市谷保石田,139.431611,35.685079
1130322,谷保,11303,国立市谷保町,139.446724,35.681377
1131226,国立,11312,国立市北１丁目,139.44634,35.69923
2500116,狛江,25001,狛江市東和泉１丁目,139.577127,35.632001
2500117,和泉多摩川,25001,狛江市東和泉４丁目,139.573695,35.627349
1132613,新習志野,11326,習志野市茜浜２丁目,140.012825,35.667342
2300128,実籾,23001,習志野市実籾町１-１-１,140.068289,35.686852
2300125,谷津,23001,習志野市谷津５-４-５,140.007658,35.685257
9932902,新津田沼,99329,習志野市津田沼１-１０-３５,140.023745,35.690184
1131333,津田沼,11313,習志野市津田沼１丁目,140.020179,35.691367
1131408,津田沼,11314,習志野市津田沼１丁目,140.020179,35.691367
2300126,京成津田沼,23001,習志野市津田沼３-１-１,140.024823,35.68364
2300401,京成津田沼,23004,習志野市津田沼３-１-１,140.024823,35.68364
9932901,京成津田沼,99329,習志野市津田沼３-１-１,140.024823,35.68364
2300127,京成大久保,23001,習志野市本大久保３-１０-１,140.048629,35.686016
2400104,笹塚,24001,渋谷区笹塚１-５６-７,139.667251,35.673758
2400704,笹塚,24007,渋谷区笹塚１-５６-７,139.667251,35.673758
2400702,初台,24007,渋谷区初台１-５３-７,139.686354,35.68123
2801015,明治神宮前〈原宿〉,28010,渋谷区神宮前１丁目,139.705367,35.668497
2800518,明治神宮前〈原宿〉,28005,渋谷区神宮前１丁目,139.703995,35.669071
2400602,神泉,24006,渋谷区神泉町４-６,139.693579,35.657244
2500105,代々木上原,25001,渋谷区西原３丁目,139.680153,35.669159
2800520,代々木上原,28005,渋谷区西原３丁目,139.680153,35.669159
2801014,北参道,28010,渋谷区千駄ヶ谷４丁目,139.705453,35.678459
2500102,南新宿,25001,渋谷区代々木２丁目,139.69867,35.683483
2500103,参宮橋,25001,渋谷区代々木４丁目,139.693568,35.678586
2500104,代々木八幡,25001,渋谷区代々木５丁目,139.688913,35.669715
2600102,代官山,26001,渋谷区代官山町１９-４,139.703284,35.648193
2800519,代々木公園,28005,渋谷区富ケ谷１丁目,139.689099,35.669187
1131222,東小金井,11312,小金井市梶野町５丁目,139.524837,35.701643
2201202,新小金井,22012,小金井市東町４-２４-１,139.526603,35.695908
1131223,武蔵小金井,11312,小金井市本町６丁目,139.506483,35.701337
1131503,東中神,11315,昭島市玉川町１丁目,139.384529,35.706337
1131505,昭島,11315,昭島市昭和町２丁目,139.361564,35.713305
1131506,拝島,11315,昭島市松原町４丁目,139.343468,35.721278
1131601,拝島,11316,昭島市松原町４丁目,139.343468,35.721278
1131704,拝島,11317,昭島市松原町４丁目,139.343468,35.721278
2200808,拝島,22008,昭島市松原町４丁目,139.343468,35.721278
1131504,中神,11315,昭島市朝日町１丁目,139.375816,35.709058
2200703,下落合,22007,新宿区下落合１-１６-１,139.695391,35.715846
2200701,西武新宿,22007,新宿区歌舞伎町１-３０-１,139.7,35.696254
9930104,若松河田,99301,新宿区河田町１０-１０,139.718184,35.699218
9930126,国立競技場,99301,新宿区霞ケ丘町１０-３,139.714932,35.679831
9930105,牛込柳町,99301,新宿区原町２-３２,139.725027,35.699518
2800214,四ツ谷,28002,新宿区四谷１丁目,139.729947,35.684586
2800912,四ツ谷,28009,新宿区四谷１丁目,139.72955,35.686032
2800215,四谷三丁目,28002,新宿区四谷３-８,139.720103,35.687958
9930403,曙橋,99304,新宿区住吉町７-１,139.722881,35.692402
2800402,落合,28004,新宿区上落合２-１３-７,139.687284,35.710976
1131313,信濃町,11313,新宿区信濃町,139.720729,35.680031
2800216,新宿御苑前,28002,新宿区新宿１-８-１,139.71069,35.688588
9930402,新宿三丁目,99304,新宿区新宿３-１４-１,139.706271,35.690616
2800217,新宿三丁目,28002,新宿区新宿３-１４-１,139.704895,35.690847
2801013,新宿三丁目,28010,新宿区新宿３-１４-１,139.704828,35.690853
9930103,東新宿,99301,新宿区新宿７-２７-３,139.707549,35.69792
2801012,東新宿,28010,新宿区新宿７-２７-３,139.707593,35.698915
9930102,新宿西口,99301,新宿区西新宿１-３-１７,139.699155,35.693315
9930101,都庁前,99301,新宿区西新宿２-８-１,139.69257,35.690551
9930129,西新宿五丁目,99301,新宿区西新宿５-２５-９,139.684304,35.689798
2800219,西新宿,28002,新宿区西新宿６-７-５１,139.692778,35.694298
9930529,面影橋,99305,新宿区西早稲田３,139.714444,35.712981
2801011,西早稲田,28010,新宿区西早稲田二丁目,139.709101,35.708242
9930133,落合南長崎,99301,新宿区西落合３-１-１８,139.683303,35.723608
9930106,牛込神楽坂,99301,新宿区箪笥町１５,139.735802,35.700851
9930132,中井,99301,新宿区中落合１-１９-１,139.686356,35.714035
2200704,中井,22007,新宿区中落合１-１９-１,139.686967,35.715106
1131309,大久保,11313,新宿区百人町１丁目,139.69732,35.700784
2800405,神楽坂,28004,新宿区矢来町１１２,139.734546,35.70379
2800224,南阿佐ケ谷,28002,杉並区阿佐谷南１-１５-７,139.63576,35.699624
2400609,永福町,24006,杉並区永福２-６０-３１,139.642733,35.67629
2400610,西永福,24006,杉並区永福３-３６-１,139.634936,35.678918
2200710,下井草,22007,杉並区下井草２-４４-１０,139.624688,35.723852
2200711,井荻,22007,杉並区下井草５-２３-１５,139.615303,35.72469
2400614,久我山,24006,杉並区久我山４-１-１１,139.599211,35.688138
2400612,高井戸,24006,杉並区高井戸西２-１-２６,139.615115,35.683253
2800223,新高円寺,28002,杉並区高円寺南２-２０-１,139.648068,35.697985
1131215,高円寺,11312,杉並区高円寺南４丁目,139.649664,35.705326
1131306,高円寺,11313,杉並区高円寺南４丁目,139.649664,35.705326
2200712,上井草,22007,杉並区上井草３-３２-１,139.602937,35.725326
2800225,荻窪,28002,杉並区上荻１丁目,139.620116,35.704304
1131217,荻窪,11312,杉並区上荻１丁目,139.620109,35.704523
1131304,荻窪,11313,杉並区上荻１丁目,139.620109,35.704523
2400110,八幡山,24001,杉並区上高井戸１-１-１１,139.614927,35.669982
1131218,西荻窪,11312,杉並区西荻南３丁目,139.599361,35.703842
1131303,西荻窪,11313,杉並区西荻南３丁目,139.599361,35.703842
2400611,浜田山,24006,杉並区浜田山３-３１-２,139.627528,35.681603
2800228,方南町,28002,杉並区堀ノ内１-１-１,139.656498,35.683496
2800222,東高円寺,28002,杉並区和田３-５５-４２,139.657822,35.697802
2600207,奥沢,26002,世田谷区奥沢３-４７-１７,139.672355,35.603947
2600411,九品仏,26004,世田谷区奥沢７-２０-１,139.660992,35.60538
2500115,喜多見,25001,世田谷区喜多見９丁目,139.587445,35.636697
2600707,宮の坂,26007,世田谷区宮坂１-２４-７,139.64494,35.647508
2600307,二子玉川,26003,世田谷区玉川２-２２-１３,139.626685,35.611788
2600415,二子玉川,26004,世田谷区玉川２-２２-１３,139.626685,35.611788
2500111,経堂,25001,世田谷区経堂１丁目,139.635993,35.650991
2600708,山下,26007,世田谷区豪徳寺１-４４-５,139.646509,35.653844
2500110,豪徳寺,25001,世田谷区豪徳寺１丁目,139.647381,35.653807
2400108,桜上水,24001,世田谷区桜上水５-２９-５２,139.63129,35.66768
2600305,桜新町,26003,世田谷区桜新町２-８,139.644779,35.631666
2600704,松陰神社前,26007,世田谷区若林４-２１-１６,139.655211,35.643947
2600703,若林,26007,世田谷区若林４-３-１５,139.659911,35.645933
2400106,明大前,24001,世田谷区松原２-４５-１,139.650352,35.668758
2400608,明大前,24006,世田谷区松原２-４５-１,139.650352,35.668758
2400107,下高井戸,24001,世田谷区松原３-２９-１７,139.641372,35.66615
2600710,下高井戸,26007,世田谷区松原３-２９-１７,139.641372,35.66615
2600709,松原,26007,世田谷区松原４-１０-８,139.642,35.660048
2400607,東松原,24006,世田谷区松原５-２-６,139.655535,35.662634
2600304,駒沢大学,26003,世田谷区上馬４-３,139.661702,35.633471
2400109,上北沢,24001,世田谷区上北沢４-１４-３,139.62329,35.668857
2600414,上野毛,26004,世田谷区上野毛１-２６-６,139.638917,35.611957
2600706,上町,26007,世田谷区世田谷３-４-３,139.646276,35.643656
2600705,世田谷,26007,世田谷区世田谷４-９-６,139.650945,35.643564
2500114,成城学園前,25001,世田谷区成城６丁目,139.598958,35.640114
2500112,千歳船橋,25001,世田谷区船橋１丁目,139.624544,35.647616
2600702,西太子堂,26007,世田谷区太子堂４-１０-３,139.666382,35.644545
2600303,三軒茶屋,26003,世田谷区太子堂４-２１-１,139.670156,35.643716
2600701,三軒茶屋,26007,世田谷区太子堂４-２１-１,139.670156,35.643716
2400604,池ノ上,24006,世田谷区代沢２-４３-８,139.67344,35.660402
2500108,世田谷代田,25001,世田谷区代田２丁目,139.661557,35.65834
2400606,新代田,24006,世田谷区代田５-３０-１８,139.660524,35.662593
2400105,代田橋,24001,世田谷区大原２-１８-９,139.659413,35.671092
2600302,池尻大橋,26003,世田谷区池尻３-２,139.684319,35.650603
2600413,等々力,26004,世田谷区等々力３-１-１,139.647938,35.608369
2600412,尾山台,26004,世田谷区等々力５-５-７,139.653862,35.606971
2400111,芦花公園,24001,世田谷区南烏山３-１-１６,139.608247,35.670479
2400112,千歳烏山,24001,世田谷区南烏山６-１-１,139.60067,35.667921
2400605,下北沢,24006,世田谷区北沢２丁目,139.66691,35.661539
2500107,下北沢,25001,世田谷区北沢２丁目,139.667516,35.661655
2500106,東北沢,25001,世田谷区北沢３丁目,139.673014,35.665379
2600306,用賀,26003,世田谷区用賀２-３９,139.633928,35.626436
1131522,古里,11315,西多摩郡奥多摩町小丹波,139.152102,35.816247
1131521,川井,11315,西多摩郡奥多摩町川井,139.16429,35.813697
1131523,鳩ノ巣,11315,西多摩郡奥多摩町棚沢,139.128932,35.815127
1131524,白丸,11315,西多摩郡奥多摩町白丸,139.114861,35.811735
1131525,奥多摩,11315,西多摩郡奥多摩町氷川,139.096961,35.809357
2200717,田無,22007,西東京市田無町４-１-１,139.539259,35.727307
2200112,保谷,22001,西東京市東町３-１４-３０,139.567753,35.748222
2200715,東伏見,22007,西東京市東伏見２-５-１,139.563529,35.728761
2200716,西武柳沢,22007,西東京市保谷町３-１１-２４,139.552477,35.728621
2800408,竹橋,28004,千代田区一ツ橋１-１-１,139.756817,35.690662
2800212,国会議事堂前,28002,千代田区永田町１丁目,139.745219,35.67393
2800514,国会議事堂前,28005,千代田区永田町１丁目,139.745219,35.67393
2800114,溜池山王,28001,千代田区永田町２-１１-１,139.741419,35.673621
2800914,溜池山王,28009,千代田区永田町２-１１-１,139.741419,35.673621
2800211,霞ケ関,28002,千代田区霞が関２丁目,139.750899,35.673838
2800316,霞ケ関,28003,千代田区霞が関２丁目,139.750899,35.673838
2800513,霞ケ関,28005,千代田区霞が関２丁目,139.750899,35.673838
2800106,末広町,28001,千代田区外神田４-７-３,139.771713,35.702972
2800511,二重橋前,28005,千代田区丸の内２丁目,139.761948,35.681071
2800407,九段下,28004,千代田区九段南１-６-１,139.751948,35.695589
2800806,九段下,28008,千代田区九段南１-６-１,139.751948,35.695589
9930405,九段下,99304,千代田区九段南１-６-１,139.751948,35.695589
2800805,半蔵門,28008,千代田区麹町１-６,139.74163,35.685703
1131317,水道橋,11313,千代田区三崎町２丁目,139.754312,35.702039
9930311,水道橋,99303,千代田区三崎町２丁目,139.75516,35.703398
9930408,岩本町,99304,千代田区神田岩本町１,139.775866,35.695534
1131203,御茶ノ水,11312,千代田区神田駿河台２丁目,139.764955,35.699605
1131318,御茶ノ水,11313,千代田区神田駿河台２丁目,139.764955,35.699605
2800206,御茶ノ水,28002,千代田区神田駿河台２丁目,139.763952,35.700614
2800509,新御茶ノ水,28005,千代田区神田駿河台３丁目,139.766014,35.698072
9930407,小川町,99304,千代田区神田小川町１-６,139.767551,35.695487
9930310,神保町,99303,千代田区神田神保町２-２,139.75812,35.695492
2800807,神保町,28008,千代田区神田神保町２-２,139.757606,35.695966
9930406,神保町,99304,千代田区神田神保町２-２,139.757606,35.695966
2800207,淡路町,28002,千代田区神田淡路町１-２,139.767575,35.695434
2800409,大手町,28004,千代田区大手町１丁目,139.766086,35.684801
9930309,大手町,99303,千代田区大手町１丁目,139.762959,35.684856
2800510,大手町,28005,千代田区大手町１丁目,139.763399,35.686154
2800208,大手町,28002,千代田区大手町１丁目,139.7662,35.686564
2800808,大手町,28008,千代田区大手町１丁目,139.764107,35.68686
9930307,内幸町,99303,千代田区内幸町２-２-３,139.75561,35.66975
2800512,日比谷,28005,千代田区有楽町１丁目,139.758732,35.674241
2800315,日比谷,28003,千代田区有楽町１丁目,139.76017,35.67459
9930308,日比谷,99303,千代田区有楽町１丁目,139.759998,35.676036
1132006,綾瀬,11320,足立区綾瀬３丁目,139.825019,35.762222
2800502,綾瀬,28005,足立区綾瀬３丁目,139.825019,35.762222
9934208,江北,99342,足立区江北４-３０-２７,139.770306,35.774021
9934209,西新井大師西,99342,足立区江北６-３０-２３,139.770094,35.781505
9934212,舎人,99342,足立区舎人１-１６-１５,139.770108,35.8057
9934213,見沼代親水公園,99342,足立区舎人２-２１-１３,139.770719,35.814544
9934211,舎人公園,99342,足立区舎人公園１-１０,139.770183,35.79623
9934205,足立小台,99342,足立区小台１-２０-１,139.770381,35.754658
2100602,大師前,21006,足立区西新井１-３-１,139.781647,35.778989
2100213,西新井,21002,足立区西新井栄町２丁目,139.790372,35.777323
2100601,西新井,21006,足立区西新井栄町２丁目,139.790372,35.777323
9930906,青井,99309,足立区青井三丁目,139.82038,35.771782
2800301,北千住,28003,足立区千住旭町,139.804276,35.748916
2800503,北千住,28005,足立区千住旭町,139.804276,35.748916
9930905,北千住,99309,足立区千住旭町,139.805092,35.74949
1132005,北千住,11320,足立区千住旭町,139.804872,35.749677
2100209,北千住,21002,足立区千住旭町,139.805564,35.749891
2300105,千住大橋,23001,足立区千住橋戸町１１-１,139.796934,35.74243
2100207,堀切,21002,足立区千住曙町,139.817727,35.742977
2100208,牛田,21002,足立区千住曙町,139.811816,35.744555
2300106,京成関屋,23001,足立区千住曙町２-２,139.81183,35.744008
9934206,扇大橋,99342,足立区扇２-２５-７,139.770808,35.763897
9934207,高野,99342,足立区扇２-４５-１,139.770679,35.768359
2100210,小菅,21002,足立区足立２丁目,139.812935,35.759039
2100211,五反野,21002,足立区足立３丁目,139.809643,35.765852
9934210,谷在家,99342,足立区谷在家３-２０-２３,139.770043,35.788774
2800501,北綾瀬,28005,足立区谷中２丁目,139.832035,35.777117
2100214,竹ノ塚,21002,足立区竹の塚６丁目,139.790788,35.794368
2100212,梅島,21002,足立区梅田７丁目,139.797916,35.772437
9930907,六町,99309,足立区六町四丁目,139.821816,35.784963
2400207,京王永山,24002,多摩市永山１-１８-１,139.448204,35.630102
2500306,小田急永山,25003,多摩市永山１丁目,139.447943,35.629972
2500308,唐木田,25003,多摩市落合,139.411622,35.616672
2400208,京王多摩センター,24002,多摩市落合１-１０-２,139.42402,35.62518
9933401,多摩センター,99334,多摩市落合１-４８-１,139.422782,35.623724
2500307,小田急多摩センター,25003,多摩市落合１丁目,139.424298,35.624902
9930111,新御徒町,99301,台東区元浅草１-５-２,139.781958,35.707045
9930902,新御徒町,99309,台東区元浅草１-５-２,139.781958,35.707045
2800303,三ノ輪,28003,台東区三ノ輪２-１４-７,139.791485,35.729623
2800105,上野広小路,28001,台東区上野３-２９-３,139.772877,35.70768
2800306,仲御徒町,28003,台東区上野５-２４-１２,139.776138,35.706649
9930110,上野御徒町,99301,台東区上野５-２６-６,139.774332,35.707893
2800102,田原町,28001,台東区西浅草１-１-１８,139.790897,35.709897
1131320,浅草橋,11313,台東区浅草橋１丁目,139.784427,35.697403
9930216,浅草橋,99302,台東区浅草橋１丁目,139.786305,35.697451
9930112,蔵前,99301,台東区蔵前２-３-１,139.790931,35.703236
9930217,蔵前,99302,台東区蔵前２-３-１,139.790931,35.703236
2800103,稲荷町,28001,台東区東上野３-３３-１１,139.782593,35.711273
2800304,入谷,28003,台東区入谷１-６-４,139.783924,35.719862
2700204,穴守稲荷,27002,大田区羽田４-６-１１,139.746669,35.550326
2700205,天空橋,27002,大田区羽田空港１-１-２,139.75423,35.548908
9933607,天空橋,99336,大田区羽田空港１-１-２,139.75423,35.548908
9933606,整備場,99336,大田区羽田空港１-７-４,139.753366,35.555125
9933609,羽田空港第1ターミナル,99336,大田区羽田空港３-３-２,139.784653,35.549163
2700206,羽田空港第1・第2ターミナル,27002,大田区羽田空港３-３-４,139.785962,35.549809
9933610,羽田空港第2ターミナル,99336,大田区羽田空港３-４-２,139.787979,35.550734
9933608,新整備場,99336,大田区羽田空港３-５-１,139.786777,35.542773
2600603,鵜の木,26006,大田区鵜の木２-４-１,139.680554,35.575452
2600604,下丸子,26006,大田区下丸子３-７-１,139.685576,35.571397
2700111,梅屋敷,27001,大田区蒲田２-２８-１,139.728266,35.566873
2700112,京急蒲田,27001,大田区蒲田４-５０-１０,139.723681,35.560796
2700201,京急蒲田,27002,大田区蒲田４-５０-１０,139.723681,35.560796
2600515,蒲田,26005,大田区蒲田５丁目,139.714626,35.561767
2600607,蒲田,26006,大田区蒲田５丁目,139.714626,35.561767
1133230,蒲田,11332,大田区蒲田５丁目,139.716032,35.562517
9933605,昭和島,99336,大田区昭和島２-２-１,139.749918,35.570656
2600506,長原,26005,大田区上池台１-１０-１０,139.697881,35.60219
2600514,蓮沼,26005,大田区西蒲田７-１７-１,139.708544,35.564173
9930201,西馬込,99302,大田区西馬込２-１-６,139.705942,35.586859
2700203,大鳥居,27002,大田区西糀谷３-３７-１８,139.739356,35.552531
2700202,糀谷,27002,大田区西糀谷４-１３-１７,139.72962,35.5545
2600512,千鳥町,26005,大田区千鳥１-２０-１,139.69142,35.572983
2600606,矢口渡,26006,大田区多摩川１-２０-１５,139.700389,35.562462
2700110,大森町,27001,大田区大森西３-２４-７,139.732027,35.572431
1133229,大森,11332,大田区大森北１丁目,139.728079,35.588903
2700109,平和島,27001,大田区大森北６-１３-１１,139.73491,35.57868
2600513,池上,26005,大田区池上６-３-１０,139.702822,35.572025
2700113,雑色,27001,大田区仲六郷２-４２-１,139.715005,35.549725
2600109,多摩川,26001,大田区田園調布１-５３-８,139.668723,35.589591
2600209,多摩川,26002,大田区田園調布１-５３-８,139.668723,35.589591
2600601,多摩川,26006,大田区田園調布１-５３-８,139.668723,35.589591
2600108,田園調布,26001,大田区田園調布３-２５-１８,139.667356,35.596815
2600208,田園調布,26002,大田区田園調布３-２５-１８,139.667356,35.596815
2600602,沼部,26006,大田区田園調布本町２８-１,139.67326,35.582526
2600507,洗足池,26005,大田区東雪谷１-１-６,139.690896,35.599648
2600508,石川台,26005,大田区東雪谷２-２３-１,139.685063,35.596888
2600511,久が原,26005,大田区南久が原２-６-１０,139.685678,35.579499
2600509,雪が谷大塚,26005,大田区南雪谷２-２-１６,139.681083,35.592038
9933604,流通センター,99336,大田区平和島６-１-２,139.748964,35.58186
2600407,北千束,26004,大田区北千束２-１６-１,139.693303,35.606311
2600206,大岡山,26002,大田区北千束３-２７-１,139.685909,35.607456
2600408,大岡山,26004,大田区北千束３-２７-１,139.685909,35.607456
9930202,馬込,99302,大田区北馬込２-３１-９,139.711772,35.596435
2600510,御嶽山,26005,大田区北嶺町３２-１７,139.682473,35.585236
2600605,武蔵新田,26006,大田区矢口１-１８-１,139.692506,35.567806
9930212,宝町,99302,中央区京橋２-１３-１１,139.771767,35.675461
2800110,京橋,28001,中央区京橋２-２-１０,139.770126,35.676856
2800111,銀座,28001,中央区銀座４-１-２,139.763965,35.671989
2800210,銀座,28002,中央区銀座４-１-２,139.763965,35.671989
2800314,銀座,28003,中央区銀座４-１-２,139.763965,35.671989
2800313,東銀座,28003,中央区銀座４-１２-１５,139.767253,35.669464
9930211,東銀座,99302,中央区銀座４-１２-１５,139.767253,35.669464
9930118,勝どき,99301,中央区勝どき２-１０-１５,139.776442,35.658507
2800312,築地,28003,中央区築地３-１５-１,139.772603,35.668115
9930119,築地市場,99301,中央区築地５-１-２,139.766915,35.664895
9930215,東日本橋,99302,中央区東日本橋３-１１-８,139.784821,35.692126
9930213,日本橋,99302,中央区日本橋１丁目,139.775721,35.681688
2800109,日本橋,28001,中央区日本橋１丁目,139.773516,35.682078
2800410,日本橋,28004,中央区日本橋１丁目,139.773516,35.682078
9930409,馬喰横山,99304,中央区日本橋横山町４-１３,139.782768,35.69212
2800810,水天宮前,28008,中央区日本橋蛎殻町２-１-１,139.785377,35.682683
2800310,茅場町,28003,中央区日本橋茅場町１-４-６,139.780005,35.679752
2800411,茅場町,28004,中央区日本橋茅場町１-４-６,139.780005,35.679752
2800809,三越前,28008,中央区日本橋室町１-８-１,139.773147,35.684908
2800108,三越前,28001,中央区日本橋室町１-８-１,139.773594,35.687101
1131402,新日本橋,11314,中央区日本橋室町４丁目,139.77323,35.688687
2800308,小伝馬町,28003,中央区日本橋小伝馬町１１-１,139.778433,35.690737
2800309,人形町,28003,中央区日本橋人形町２-６-５,139.782285,35.686307
9930214,人形町,99302,中央区日本橋人形町２-６-５,139.782285,35.686307
1131403,馬喰町,11314,中央区日本橋馬喰町１丁目,139.78238,35.693365
9930410,浜町,99304,中央区日本橋浜町２-５９-３,139.788154,35.688516
1132602,八丁堀,11326,中央区八丁堀３丁目,139.777705,35.674617
2800311,八丁堀,28003,中央区八丁堀３丁目,139.776982,35.674851
9930134,新江古田,99301,中野区江原町２-２９-１３,139.670653,35.732538
2200708,都立家政,22007,中野区鷺宮１-１６-１,139.644839,35.722313
2200709,鷺ノ宮,22007,中野区鷺宮３-１５-１,139.63892,35.722605
2200706,沼袋,22007,中野区沼袋１-３５-１,139.663841,35.719458
2200705,新井薬師前,22007,中野区上高田５-４３-２０,139.672582,35.715778
9930130,中野坂上,99301,中野区中央２-１-２,139.682279,35.69709
2800220,中野坂上,28002,中野区中央２-１-２,139.68291,35.69792
2800221,新中野,28002,中野区中央４-２-１５,139.66903,35.697491
1131214,中野,11312,中野区中野５丁目,139.665835,35.705765
1131307,中野,11313,中野区中野５丁目,139.665835,35.705765
2800401,中野,28004,中野区中野５丁目,139.665835,35.705765
1131308,東中野,11313,中野区東中野４丁目,139.684436,35.706529
9930131,東中野,99301,中野区東中野４丁目,139.682987,35.706891
2200707,野方,22007,中野区野方６-３-３,139.652733,35.719658
2800226,中野新橋,28002,中野区弥生町２-２６-８,139.673997,35.692123
2800227,中野富士見町,28002,中野区弥生町５-２４-４,139.666933,35.690514
2400115,柴崎,24001,調布市菊野台２-６７-１１,139.56658,35.653997
2400116,国領,24001,調布市国領町３-１８-１,139.558036,35.650087
2400117,布田,24001,調布市国領町５-６７-１,139.551557,35.649904
2400119,西調布,24001,調布市上石原１-２５-１７,139.529822,35.657169
2400113,仙川,24001,調布市仙川町１-４３,139.584908,35.662257
2400202,京王多摩川,24002,調布市多摩川４-４０-１,139.536606,35.644499
2400120,飛田給,24001,調布市飛田給１-４２-１１,139.523666,35.660121
2400118,調布,24001,調布市布田４-３２-１,139.543988,35.652181
2400201,調布,24002,調布市布田４-３２-１,139.543988,35.652181
2400204,京王よみうりランド,24002,東京都稲城市矢野口,139.517597,35.632934
2300110,京成高砂,23001,東京都葛飾区高砂五丁目28-1,139.866875,35.750932
2300207,京成高砂,23002,東京都葛飾区高砂五丁目28-1,139.866875,35.750932
2300301,京成高砂,23003,東京都葛飾区高砂五丁目28-1,139.866875,35.750932
2300604,京成高砂,23006,東京都葛飾区高砂五丁目28-1,139.866875,35.750932
9934001,京成高砂,99340,東京都葛飾区高砂五丁目28-1,139.866875,35.750932
2300109,青砥,23001,東京都葛飾区青戸三丁目36番1号,139.856292,35.745883
2300206,青砥,23002,東京都葛飾区青戸三丁目36番1号,139.856292,35.745883
2300603,青砥,23006,東京都葛飾区青戸三丁目36番1号,139.856292,35.745883
1132605,新木場,11326,東京都江東区新木場一丁目5,139.827402,35.646172
2800624,新木場,28006,東京都江東区新木場一丁目6,139.826254,35.645832
9933701,新木場,99337,東京都江東区新木場一丁目6,139.827402,35.646172
2800623,辰巳,28006,東京都江東区辰巳一丁目1-44,139.81052,35.645576
2800622,豊洲,28006,東京都江東区豊洲四丁目1-1,139.79621,35.654908
9931116,豊洲,99311,東京都江東区豊洲二丁目2,139.795414,35.653792
1130227,浜松町,11302,東京都港区海岸一丁目3-1,139.757135,35.655391
1133225,浜松町,11332,東京都港区海岸一丁目3-1,139.757135,35.655391
2700102,品川,27001,東京都港区高輪三丁目26-26,139.73809,35.628284
1130229,品川,11302,東京都港区高輪三丁目26-26,139.738999,35.62876
1130803,品川,11308,東京都港区高輪三丁目26-26,139.738999,35.62876
1132808,品川,11328,東京都港区高輪三丁目26-26,139.738999,35.62876
1133227,品川,11332,東京都港区高輪三丁目26-26,139.738999,35.62876
1130103,品川,11301,東京都港区高輪三丁目26-27,139.738999,35.62876
1130228,田町,11302,東京都港区芝五丁目33-36,139.747575,35.645736
1133226,田町,11332,東京都港区芝五丁目33-36,139.747575,35.645736
1130102,新橋,11301,東京都港区新橋二丁目17,139.758587,35.666195
1130226,新橋,11302,東京都港区新橋二丁目17,139.758587,35.666195
1130802,新橋,11308,東京都港区新橋二丁目17,139.758587,35.666195
1133224,新橋,11332,東京都港区新橋二丁目17,139.758587,35.666195
2800112,新橋,28001,東京都港区新橋二丁目17-5,139.758432,35.667434
9930210,新橋,99302,東京都港区新橋二丁目21-1,139.759451,35.665577
9931101,新橋,99311,東京都港区東新橋一丁目5-13,139.759644,35.665503
9933601,浜松町,99336,東京都港区浜松町二丁目4-12,139.756747,35.655666
2800505,西日暮里,28005,東京都荒川区西日暮里五丁目14-1,139.766511,35.732257
1130217,西日暮里,11302,東京都荒川区西日暮里五丁目22-1,139.766857,35.731954
1133215,西日暮里,11332,東京都荒川区西日暮里五丁目22-1,139.766857,35.731954
9934202,西日暮里,99342,東京都荒川区西日暮里五丁目31-7,139.766857,35.731954
1132002,日暮里,11320,東京都荒川区西日暮里二丁目,139.771287,35.727908
1133216,日暮里,11332,東京都荒川区西日暮里二丁目,139.771287,35.727908
2300102,日暮里,23001,東京都荒川区西日暮里二丁目,139.771287,35.727908
1130218,日暮里,11302,東京都荒川区西日暮里二丁目19-1,139.771287,35.727908
2300602,日暮里,23006,東京都荒川区西日暮里二丁目19-1,139.771287,35.727908
9934201,日暮里,99342,東京都荒川区西日暮里二丁目19-1,139.771287,35.727908
2201002,恋ヶ窪,22010,東京都国分寺市戸倉一丁目1-4,139.463944,35.711385
1132818,国分寺,11328,東京都国分寺市本町二丁目,139.480841,35.700123
1131106,国分寺,11311,東京都国分寺市本町二丁目1-23,139.480841,35.700123
1131224,国分寺,11312,東京都国分寺市本町二丁目1-23,139.480841,35.700123
2201001,国分寺,22010,東京都国分寺市本町二丁目1-23,139.480841,35.700123
2201101,国分寺,22011,東京都国分寺市本町二丁目1-23,139.479547,35.700836
1131105,三鷹,11311,東京都三鷹市下連雀三丁目46-1,139.560325,35.702683
1131220,三鷹,11312,東京都三鷹市下連雀三丁目46-1,139.560325,35.702683
1131301,三鷹,11313,東京都三鷹市下連雀三丁目46-1,139.560325,35.702683
1132819,三鷹,11328,東京都三鷹市下連雀三丁目46-1,139.560325,35.702683
1130204,恵比寿,11302,東京都渋谷区恵比寿南一丁目5-5,139.71007,35.646685
1132102,恵比寿,11321,東京都渋谷区恵比寿南一丁目5-5,139.71007,35.646685
1133306,恵比寿,11333,東京都渋谷区恵比寿南一丁目5-5,139.71007,35.646685
2800320,恵比寿,28003,東京都渋谷区恵比寿南一丁目5-5,139.708988,35.647332
2600101,渋谷,26001,東京都渋谷区渋谷二丁目24-1,139.702417,35.659545
1130206,原宿,11302,東京都渋谷区神宮前一丁目18,139.702592,35.670646
1131312,千駄ケ谷,11313,東京都渋谷区千駄ヶ谷一丁目35-10,139.711644,35.681231
1130207,代々木,11302,東京都渋谷区代々木一丁目34-1,139.702042,35.683061
1131311,代々木,11313,東京都渋谷区代々木一丁目34-1,139.702042,35.683061
9930127,代々木,99301,東京都渋谷区代々木一丁目35-5,139.701666,35.683218
9930128,新宿,99301,東京都渋谷区代々木二丁目1-1,139.698812,35.68869
1130205,渋谷,11302,東京都渋谷区道玄坂一丁目1-1,139.701238,35.658871
1132103,渋谷,11321,東京都渋谷区道玄坂一丁目1-1,139.701238,35.658871
1132807,渋谷,11328,東京都渋谷区道玄坂一丁目1-1,139.701238,35.658871
1133305,渋谷,11333,東京都渋谷区道玄坂一丁目1-1,139.701238,35.658871
2800119,渋谷,28001,東京都渋谷区道玄坂一丁目1-1,139.701,35.659066
2400601,渋谷,24006,東京都渋谷区道玄坂一丁目4-1,139.700872,35.6587
2600301,渋谷,26003,東京都渋谷区道玄坂二丁目1-1,139.702148,35.65802
2800801,渋谷,28008,東京都渋谷区道玄坂二丁目1-1,139.701,35.659066
2801016,渋谷,28010,東京都渋谷区道玄坂二丁目1-1,139.702417,35.659545
2400703,幡ヶ谷,24007,東京都渋谷区幡ヶ谷一丁目,139.676183,35.677061
1130210,高田馬場,11302,東京都新宿区高田馬場一丁目35-1,139.703715,35.712677
2800403,高田馬場,28004,東京都新宿区高田馬場一丁目35-1,139.704745,35.713338
2200702,高田馬場,22007,東京都新宿区高田馬場一丁目35-2,139.703715,35.712677
1131102,四ツ谷,11311,東京都新宿区四谷一丁目,139.730644,35.686041
1131207,四ツ谷,11312,東京都新宿区四谷一丁目,139.730644,35.686041
1131314,四ツ谷,11313,東京都新宿区四谷一丁目,139.730644,35.686041
1131315,市ケ谷,11313,東京都新宿区市谷田町一丁目1,139.735583,35.691
2800614,市ケ谷,28006,東京都新宿区市谷田町一丁目1,139.73625,35.691389
9930404,市ヶ谷,99304,東京都新宿区市谷田町一丁目1,139.737639,35.691556
1130208,新宿,11302,東京都新宿区新宿三丁目38-1,139.700464,35.689729
1131103,新宿,11311,東京都新宿区新宿三丁目38-1,139.700464,35.689729
1131211,新宿,11312,東京都新宿区新宿三丁目38-1,139.700464,35.689729
1131310,新宿,11313,東京都新宿区新宿三丁目38-1,139.700464,35.689729
1132104,新宿,11321,東京都新宿区新宿三丁目38-1,139.700464,35.689729
1132806,新宿,11328,東京都新宿区新宿三丁目38-1,139.700464,35.689729
1133304,新宿,11333,東京都新宿区新宿三丁目38-1,139.700464,35.689729
2800613,飯田橋,28006,東京都新宿区神楽坂一丁目13,139.743669,35.701934
2800910,飯田橋,28009,東京都新宿区神楽坂一丁目13,139.743669,35.701934
2500101,新宿,25001,東京都新宿区西新宿一丁目1-3,139.699574,35.691435
2400101,新宿,24001,東京都新宿区西新宿一丁目1-4,139.699187,35.690163
2400701,新線新宿,24007,東京都新宿区西新宿一丁目18,139.698812,35.68869
9930401,新宿,99304,東京都新宿区西新宿一丁目18,139.698812,35.68869
2800218,新宿,28002,東京都新宿区西新宿一丁目西口地下街1号,139.700711,35.69235
9930530,早稲田,99305,東京都新宿区西早稲田一丁目,139.718928,35.711848
2800404,早稲田,28004,東京都新宿区早稲田南町12,139.721319,35.705723
1130209,新大久保,11302,東京都新宿区百人町一丁目10-15,139.700261,35.700875
1131305,阿佐ケ谷,11313,東京都杉並区阿佐谷南三丁目36-2,139.635868,35.704818
1131216,阿佐ケ谷,11312,東京都杉並区阿佐谷南三丁目36-3,139.635868,35.704818
2400613,富士見ヶ丘,24006,東京都杉並区久我山五丁目1番25号,139.607072,35.684805
2500113,祖師ヶ谷大蔵,25001,東京都世田谷区祖師谷1丁目,139.609659,35.643236
2500109,梅ヶ丘,25001,東京都世田谷区梅丘,139.653628,35.656024
1131706,箱根ケ崎,11317,東京都西多摩郡瑞穂町大字箱根ケ崎397,139.346805,35.771158
2200113,ひばりヶ丘,22001,東京都西東京市住吉町三丁目,139.545852,35.751485
2800616,永田町,28006,東京都千代田区永田町一丁目11-28,139.740258,35.678757
2800913,永田町,28009,東京都千代田区永田町一丁目11-28,139.740258,35.678757
2800804,永田町,28008,東京都千代田区永田町一丁目11-29,139.740258,35.678757
2800617,桜田門,28006,東京都千代田区霞が関二丁目1-1,139.75149,35.677405
1130222,秋葉原,11302,東京都千代田区外神田一丁目17,139.773288,35.698619
1131319,秋葉原,11313,東京都千代田区外神田一丁目17-6,139.773288,35.698619
1133220,秋葉原,11332,東京都千代田区外神田一丁目17-6,139.773288,35.698619
1130101,東京,11301,東京都千代田区丸の内一丁目,139.766103,35.681391
1130801,東京,11308,東京都千代田区丸の内一丁目,139.766103,35.681391
1131101,東京,11311,東京都千代田区丸の内一丁目,139.766103,35.681391
1131201,東京,11312,東京都千代田区丸の内一丁目,139.766103,35.681391
1131401,東京,11314,東京都千代田区丸の内一丁目,139.766103,35.681391
1132601,東京,11326,東京都千代田区丸の内一丁目,139.766103,35.681391
1132809,東京,11328,東京都千代田区丸の内一丁目,139.766103,35.681391
1133222,東京,11332,東京都千代田区丸の内一丁目,139.766103,35.681391
2800209,東京,28002,東京都千代田区丸の内一丁目,139.764708,35.681753
1130224,東京,11302,東京都千代田区丸の内一丁目9-1,139.766103,35.681391
1134301,東京,11343,東京都千代田区丸の内一丁目9-1,139.766103,35.681391
2800911,市ケ谷,28009,東京都千代田区五番町2-1,139.736389,35.692972
2800615,麹町,28006,東京都千代田区麹町三丁目2,139.737613,35.684006
2800307,秋葉原,28003,東京都千代田区神田佐久間町一丁目21,139.775459,35.698162
9930901,秋葉原,99309,東京都千代田区神田佐久間町一丁目6-10,139.774273,35.698889
2800107,神田,28001,東京都千代田区神田須田町一丁目16,139.770899,35.693587
1130223,神田,11302,東京都千代田区鍛冶町二丁目13-1,139.770641,35.691173
1131202,神田,11312,東京都千代田区鍛冶町二丁目13-1,139.770641,35.691173
1133221,神田,11332,東京都千代田区鍛冶町二丁目13-1,139.770641,35.691173
1131316,飯田橋,11313,東京都千代田区飯田橋四丁目10-2,139.745143,35.701835
2800406,飯田橋,28004,東京都千代田区飯田橋四丁目10-3,139.745986,35.701725
2800618,有楽町,28006,東京都千代田区有楽町一丁目11-1,139.763265,35.675714
1130225,有楽町,11302,東京都千代田区有楽町二丁目9,139.763806,35.675441
1133223,有楽町,11332,東京都千代田区有楽町二丁目9-17,139.763806,35.675441
2400127,聖蹟桜ヶ丘,24001,東京都多摩市関戸一丁目10-10,139.446979,35.650814
2100201,浅草,21002,東京都台東区花川戸一丁目4-1,139.798214,35.711883
9930218,浅草,99302,東京都台東区駒形一丁目12-14,139.79697,35.709461
1130219,鶯谷,11302,東京都台東区根岸一丁目4-1,139.778015,35.721484
1133217,鶯谷,11332,東京都台東区根岸一丁目4-1,139.778015,35.721484
1130221,御徒町,11302,東京都台東区上野五丁目27,139.774727,35.707282
1133219,御徒町,11332,東京都台東区上野五丁目27,139.774727,35.707282
2300101,京成上野,23001,東京都台東区上野公園1-60,139.773571,35.711232
2300601,京成上野,23006,東京都台東区上野公園1-60,139.773571,35.711232
1130220,上野,11302,東京都台東区上野七丁目1-1,139.777043,35.71379
1131901,上野,11319,東京都台東区上野七丁目1-1,139.777043,35.71379
1132001,上野,11320,東京都台東区上野七丁目1-1,139.777043,35.71379
1132301,上野,11323,東京都台東区上野七丁目1-1,139.777043,35.71379
1133218,上野,11332,東京都台東区上野七丁目1-1,139.777043,35.71379
1134302,上野,11343,東京都台東区上野七丁目1-1,139.777043,35.71379
9930903,浅草,99309,東京都台東区西浅草三丁目1-11,139.792389,35.713817
2800101,浅草,28001,東京都台東区浅草一丁目1-3,139.797592,35.710733
2800104,上野,28001,東京都台東区東上野三丁目19-6,139.777122,35.711482
2800305,上野,28003,東京都台東区東上野三丁目19-6,139.777122,35.711482
9933611,羽田空港第3ターミナル,99336,東京都大田区羽田空港二丁目6-5,139.768206,35.544169
2700207,羽田空港第3ターミナル,27002,東京都大田区羽田空港二丁目6番5号,139.768968,35.544676
2800619,銀座一丁目,28006,東京都中央区銀座一丁目7-12,139.767045,35.67435
2800621,月島,28006,東京都中央区月島一丁目3-9,139.784233,35.664871
9930117,月島,99301,東京都中央区月島一丁目3-9,139.784233,35.664871
2800620,新富町,28006,東京都中央区築地一丁目1-1,139.773711,35.670462
2400114,つつじヶ丘,24001,東京都調布市西つつじヶ丘三丁目35-1,139.575103,35.657936
1130620,八王子,11306,東京都八王子市旭町1-1,139.338998,35.655555
1131110,八王子,11311,東京都八王子市旭町1-1,139.338998,35.655555
1131230,八王子,11312,東京都八王子市旭町1-1,139.338998,35.655555
1131701,八王子,11317,東京都八王子市旭町1-1,139.338998,35.655555
1132816,八王子,11328,東京都八王子市旭町1-1,139.338998,35.655555
2800602,地下鉄成増,28006,東京都板橋区成増二丁目11-3,139.631497,35.776557
2801002,地下鉄成増,28010,東京都板橋区成増二丁目11-3,139.631497,35.776557
2600201,目黒,26002,東京都品川区上大崎四丁目2-1,139.7155,35.633272
2800919,目黒,28009,東京都品川区上大崎四丁目2-1,139.7155,35.633272
9930301,目黒,99303,東京都品川区上大崎四丁目2-1,139.7155,35.633272
1130203,目黒,11302,東京都品川区上大崎二丁目16-9,139.715775,35.633923
1130201,大崎,11302,東京都品川区大崎一丁目21-4,139.728439,35.619772
1132101,大崎,11321,東京都品川区大崎一丁目21-4,139.728439,35.619772
1133307,大崎,11333,東京都品川区大崎一丁目21-4,139.728439,35.619772
9933708,大崎,99337,東京都品川区大崎一丁目21-4,139.728439,35.619772
1130202,五反田,11302,東京都品川区東五反田一丁目26,139.723822,35.625974
9930205,五反田,99302,東京都品川区東五反田一丁目26-14,139.724175,35.627102
2600501,五反田,26005,東京都品川区東五反田二丁目1-1,139.724175,35.625262
1130329,西府,11303,東京都府中市本宿町一丁目40-6,139.457477,35.670912
2400617,吉祥寺,24006,東京都武蔵野市吉祥寺南町,139.580306,35.702291
1131104,吉祥寺,11311,東京都武蔵野市吉祥寺南町,139.579765,35.703119
1131219,吉祥寺,11312,東京都武蔵野市吉祥寺南町,139.579765,35.703119
1131302,吉祥寺,11313,東京都武蔵野市吉祥寺南町,139.579765,35.703119
1132820,吉祥寺,11328,東京都武蔵野市吉祥寺南町,139.579765,35.703119
2800612,江戸川橋,28006,東京都文京区関口一丁目19-6,139.733538,35.709495
9930107,飯田橋,99301,東京都文京区後楽一丁目9-5,139.744999,35.702927
2800611,護国寺,28006,東京都文京区大塚五丁目40-8,139.72754,35.719044
1132105,池袋,11321,東京都豊島区,139.711086,35.730256
2800906,駒込,28009,東京都豊島区駒込二丁目,139.746442,35.736959
1130215,駒込,11302,東京都豊島区駒込二丁目1-1,139.748053,35.736825
2100101,池袋,21001,東京都豊島区西池袋一丁目1-21,139.710678,35.730924
2800609,池袋,28006,東京都豊島区西池袋三丁目28-14,139.710088,35.729565
1130214,巣鴨,11302,東京都豊島区巣鴨一丁目16-1,139.739303,35.733445
9930315,巣鴨,99303,東京都豊島区巣鴨三丁目27-7,139.738519,35.733502
2800610,東池袋,28006,東京都豊島区東池袋四丁目4-4,139.719546,35.725732
1130213,大塚,11302,東京都豊島区南大塚三丁目33-1,139.728584,35.731412
9930526,都電雑司ヶ谷,99305,東京都豊島区南池袋,139.718006,35.724261
2800201,池袋,28002,東京都豊島区南池袋一丁目28-1,139.711086,35.730256
2801009,池袋,28010,東京都豊島区南池袋一丁目28-1,139.708291,35.731464
2200101,池袋,22001,東京都豊島区南池袋一丁目28-2,139.711461,35.72913
1130212,池袋,11302,東京都豊島区南池袋一丁目28-2,139.711086,35.730256
1132805,池袋,11328,東京都豊島区南池袋一丁目28-2,139.711086,35.730256
1133303,池袋,11333,東京都豊島区南池袋一丁目28-2,139.711086,35.730256
1130211,目白,11302,東京都豊島区目白三丁目3-1,139.706228,35.720476
2800608,要町,28006,東京都豊島区要町一丁目1-10,139.698715,35.73323
2801008,要町,28010,東京都豊島区要町一丁目1-10,139.698715,35.73323
2800607,千川,28006,東京都豊島区要町三丁目10-7,139.689271,35.738229
2801007,千川,28010,東京都豊島区要町三丁目10-7,139.689271,35.738229
9930519,西ヶ原四丁目,99305,東京都北区西ヶ原四丁目,139.732779,35.744501
2800905,西ケ原,28009,東京都北区西ヶ原二丁目3-8,139.742322,35.746008
1130216,田端,11302,東京都北区東田端一丁目17-1,139.761229,35.737781
1133214,田端,11332,東京都北区東田端一丁目17-1,139.761229,35.737781
2100206,鐘ヶ淵,21002,東京都墨田区墨田5丁目,139.820344,35.733712
1130325,立川,11303,東京都立川市曙町二丁目1-1,139.413704,35.698202
1131107,立川,11311,東京都立川市曙町二丁目1-1,139.413704,35.698202
1131227,立川,11312,東京都立川市曙町二丁目1-1,139.413704,35.698202
1131501,立川,11315,東京都立川市曙町二丁目1-1,139.413704,35.698202
1132817,立川,11328,東京都立川市曙町二丁目1-1,139.413704,35.698202
2200301,小竹向原,22003,東京都練馬区小竹町二丁目16-15,139.678572,35.743803
2800606,小竹向原,28006,東京都練馬区小竹町二丁目16-15,139.678572,35.743803
2801006,小竹向原,28010,東京都練馬区小竹町二丁目16-15,139.678572,35.743803
2800604,平和台,28006,東京都練馬区早宮2-17-48,139.653762,35.757863
2801004,平和台,28010,東京都練馬区早宮2-17-48,139.653762,35.757863
2800605,氷川台,28006,東京都練馬区氷川台三丁目38-18,139.665567,35.74955
2801005,氷川台,28010,東京都練馬区氷川台三丁目38-18,139.665567,35.74955
2800603,地下鉄赤塚,28006,東京都練馬区北町八丁目37-16,139.644021,35.769939
2801003,地下鉄赤塚,28010,東京都練馬区北町八丁目37-16,139.644021,35.769939
2400304,めじろ台,24003,八王子市めじろ台１-１００-１,139.308446,35.643601
1130618,八王子みなみ野,11306,八王子市宇津貫町,139.330678,35.630664
2400306,高尾,24003,八王子市高尾町,139.281551,35.641645
1131112,高尾,11311,八王子市高尾町,139.282288,35.642026
1131232,高尾,11312,八王子市高尾町,139.282288,35.642026
1132815,高尾,11328,八王子市高尾町,139.282288,35.642026
2400307,高尾山口,24003,八王子市高尾町２２４１,139.269856,35.632377
1131703,小宮,11317,八王子市小宮町,139.368481,35.685799
9933402,松が谷,99334,八王子市松が谷４０,139.422201,35.63169
1131702,北八王子,11317,八王子市石川町,139.363348,35.669232
1131111,西八王子,11311,八王子市千人町２丁目,139.31264,35.656621
1131231,西八王子,11312,八王子市千人町２丁目,139.31264,35.656621
2400133,北野,24001,八王子市打越町３３５-１,139.354489,35.644479
2400301,北野,24003,八王子市打越町３３５-１,139.354489,35.644479
9933403,大塚・帝京大学,99334,八王子市大塚１４７３,139.416461,35.636878
2400132,長沼,24001,八王子市長沼町７００,139.365849,35.642788
2400305,狭間,24003,八王子市東浅川町７７３,139.293808,35.640637
9933404,中央大学・明星大学,99334,八王子市東中野７４２,139.408672,35.64197
2400210,南大沢,24002,八王子市南大沢２-１-６,139.3798,35.6141
1130619,片倉,11306,八王子市片倉町,139.34119,35.639704
2400302,京王片倉,24003,八王子市片倉町３４-９,139.337035,35.644343
2400209,京王堀之内,24002,八王子市堀之内３-２４-４,139.400314,35.624438
2400134,京王八王子,24001,八王子市明神町３-２７-１,139.343851,35.657416
2400303,山田,24003,八王子市緑町４３４,139.321082,35.644411
9930327,西高島平,99303,板橋区高島平６-１,139.64594,35.791833
9930326,新高島平,99303,板橋区高島平７-１,139.654275,35.790189
9930325,高島平,99303,板橋区高島平８-２-１,139.661216,35.789056
9930324,西台,99303,板橋区高島平９-１-１,139.673971,35.78699
9930321,志村坂上,99303,板橋区志村１-１４-１３,139.69538,35.775725
9930322,志村三丁目,99303,板橋区志村３-２３-１,139.685937,35.777391
2100107,上板橋,21001,板橋区上板橋２-３６-７,139.67641,35.763596
2100106,ときわ台,21001,板橋区常盤台１-４３-１,139.689015,35.758771
2100110,成増,21001,板橋区成増２-１３-１,139.632708,35.777723
2100109,下赤塚,21001,板橋区赤塚新町１-２３-１,139.644482,35.770558
2100104,大山,21001,板橋区大山町４-１,139.702589,35.748398
9930319,板橋本町,99303,板橋区大和町１７-１,139.705535,35.761339
2100108,東武練馬,21001,板橋区徳丸２-２-１４,139.661964,35.768698
9930317,新板橋,99303,板橋区板橋１-５３-１７,139.720101,35.748785
1132106,板橋,11321,板橋区板橋１丁目,139.719507,35.745435
9930318,板橋区役所前,99303,板橋区板橋２-６６-１７,139.710102,35.751284
2100105,中板橋,21001,板橋区弥生町３３-１,139.694628,35.756214
9930323,蓮根,99303,板橋区蓮根２-３１-３０,139.678993,35.784335
9930320,本蓮沼,99303,板橋区蓮沼町１９-８,139.702324,35.768782
2600406,旗の台,26004,品川区旗の台２-１３-１,139.702286,35.604923
2600505,旗の台,26005,品川区旗の台２-１３-１,139.702286,35.604923
9930204,戸越,99302,品川区戸越３-４-１７,139.716495,35.614633
2600403,戸越公園,26004,品川区戸越５-１０-１５,139.718159,35.608856
9933603,大井競馬場前,99336,品川区勝島２-２-３５,139.74708,35.595006
2600203,武蔵小山,26002,品川区小山３-４-８,139.704524,35.620538
2600204,西小山,26002,品川区小山６-３-１０,139.698694,35.615455
2600202,不動前,26002,品川区西五反田５-１２-１,139.71469,35.626526
1130804,西大井,11308,品川区西大井１丁目,139.721729,35.601616
1133308,西大井,11333,品川区西大井１丁目,139.721729,35.601616
2600402,下神明,26004,品川区西品川１-２９-６,139.726256,35.608704
1133228,大井町,11332,品川区大井１丁目,139.73485,35.606257
2600401,大井町,26004,品川区大井１丁目,139.735025,35.607535
9933707,大井町,99337,品川区大井１丁目,139.735025,35.607535
2600502,大崎広小路,26005,品川区大崎４-１-１,139.722339,35.622244
2600504,荏原中延,26005,品川区中延２-８-１,139.712196,35.610056
2600404,中延,26004,品川区中延４-５-５,139.712526,35.60571
9930203,中延,99302,品川区中延４-５-５,139.713736,35.605769
2600405,荏原町,26004,品川区中延５-２-１,139.707571,35.60382
2700106,鮫洲,27001,品川区東大井１-２-２０,139.742227,35.604977
2700107,立会川,27001,品川区東大井２-２３-１,139.738886,35.598489
9933705,天王洲アイル,99337,品川区東品川２-５-１９,139.750793,35.620562
9933602,天王洲アイル,99336,品川区東品川２-５-１９,139.750675,35.622908
9933706,品川シーサイド,99337,品川区東品川４-１２-２２,139.749549,35.608524
2700108,大森海岸,27001,品川区南大井３-３２-１,139.73544,35.587576
2700105,青物横丁,27001,品川区南品川３-１-２０,139.742958,35.609351
2600503,戸越銀座,26005,品川区平塚２-１６-１,139.714862,35.615928
2700103,北品川,27001,品川区北品川１-１-４,139.739191,35.622458
2700104,新馬場,27001,品川区北品川２-１８-１,139.741366,35.61762
2400124,府中,24001,府中市宮町１-１-１０,139.4799,35.672245
2201203,多磨,22012,府中市紅葉丘３-４２-２,139.51713,35.676821
2400126,中河原,24001,府中市住吉町２-１-１６,139.457602,35.659549
2201205,競艇場前,22012,府中市小柳町４-１０-１１,139.499721,35.656232
2201206,是政,22012,府中市是政５-８-２,139.488592,35.656242
1130502,北府中,11305,府中市晴見町２丁目,139.471792,35.68088
2400123,東府中,24001,府中市清水が丘１-８-３,139.495257,35.668766
2400401,東府中,24004,府中市清水が丘１-８-３,139.495257,35.668766
2400122,多磨霊園,24001,府中市清水が丘３-２６-１１,139.502615,35.666197
2201204,白糸台,22012,府中市白糸台２-７１-６,139.509862,35.666517
2400121,武蔵野台,24001,府中市白糸台４-１８-４,139.511289,35.664159
2400402,府中競馬正門前,24004,府中市八幡町１-１８,139.485019,35.668288
1130321,分倍河原,11303,府中市片町２丁目,139.468798,35.668493
2400125,分倍河原,24001,府中市片町２丁目,139.468798,35.668493
1130320,府中本町,11303,府中市本町１丁目,139.477142,35.665766
1130501,府中本町,11305,府中市本町１丁目,139.477142,35.665766
1131221,武蔵境,11312,武蔵野市境１丁目,139.543402,35.702083
2201201,武蔵境,22012,武蔵野市境１丁目,139.543402,35.702083
2800908,東大前,28009,文京区向丘１-１９-２,139.758025,35.717633
2800907,本駒込,28009,文京区向丘２-３７-１,139.753828,35.724155
2800507,根津,28005,文京区根津１丁目,139.765655,35.7174
9930108,春日,99301,文京区春日１-１６-１７,139.75325,35.709598
9930312,春日,99303,文京区春日１-１６-１７,139.75325,35.709598
2800204,後楽園,28002,文京区春日１-２-３,139.751864,35.707898
2800909,後楽園,28009,文京区春日１-２-３,139.751864,35.707898
2800203,茗荷谷,28002,文京区小日向４-６-１５,139.737184,35.716989
9930314,千石,99303,文京区千石１-２９-１３,139.744792,35.727957
2800506,千駄木,28005,文京区千駄木２丁目,139.763243,35.725549
2800202,新大塚,28002,文京区大塚４-５１-５,139.729971,35.72569
2800508,湯島,28005,文京区湯島３丁目,139.769916,35.708243
9930313,白山,99303,文京区白山５-３６-１０,139.752136,35.721408
2800205,本郷三丁目,28002,文京区本郷２-３９-１,139.759914,35.706671
9930109,本郷三丁目,99301,文京区本郷２-３９-１,139.760095,35.707462
9930528,学習院下,99305,豊島区高田２,139.71247,35.716248
9930527,鬼子母神前,99305,豊島区雑司が谷２,139.714916,35.720403
2801010,雑司が谷,28010,豊島区雑司が谷二丁目,139.714795,35.720233
9930522,巣鴨新田,99305,豊島区西巣鴨１,139.727769,35.735488
9930521,庚申塚,99305,豊島区西巣鴨３,139.729743,35.739563
9930316,西巣鴨,99303,豊島区西巣鴨３-２５-１３,139.728712,35.743508
9930520,新庚申塚,99305,豊島区西巣鴨４,139.730451,35.741348
2100102,北池袋,21001,豊島区池袋本町１-３６-６,139.716749,35.741283
2100103,下板橋,21001,豊島区池袋本町４-４３-１１,139.714785,35.745721
2200102,椎名町,22001,豊島区長崎１-１-２２,139.694363,35.726572
2200103,東長崎,22001,豊島区長崎５-１-１,139.683294,35.73003
9930525,東池袋四丁目,99305,豊島区東池袋５,139.720012,35.72528
9930524,向原,99305,豊島区南大塚３,139.724894,35.728938
9930523,大塚駅前,99305,豊島区南大塚３,139.729593,35.732082
2100302,杉戸高野台,21003,北葛飾郡杉戸町高野台東１丁目,139.714582,36.051536
9930515,栄町,99305,北区栄町,139.742124,35.750909
9930516,王子駅前,99305,北区王子１,139.737661,35.753199
1133212,王子,11332,北区王子１丁目,139.73809,35.752538
2800904,王子,28009,北区王子１丁目,139.737618,35.753966
2800903,王子神谷,28009,北区王子５-２-１１,139.735933,35.765172
2800902,志茂,28009,北区志茂２-１-１８,139.732599,35.777948
1131902,尾久,11319,北区昭和町１丁目,139.753846,35.74683
1132302,尾久,11323,北区昭和町１丁目,139.753846,35.74683
1132107,十条,11321,北区上十条１丁目,139.722233,35.760321
1133213,上中里,11332,北区上中里１丁目,139.745769,35.74728
2800901,赤羽岩淵,28009,北区赤羽１-５２-８,139.722103,35.783417
9930701,赤羽岩淵,99307,北区赤羽１-５２-８,139.722103,35.783417
1131903,赤羽,11319,北区赤羽１丁目,139.720928,35.778026
1132108,赤羽,11321,北区赤羽１丁目,139.720928,35.778026
1132303,赤羽,11323,北区赤羽１丁目,139.720928,35.778026
1133210,赤羽,11332,北区赤羽１丁目,139.720928,35.778026
1133302,赤羽,11333,北区赤羽１丁目,139.720928,35.778026
1132109,北赤羽,11321,北区赤羽北２丁目,139.70569,35.787007
9930518,滝野川一丁目,99305,北区滝野川１,139.735376,35.747374
9930517,飛鳥山,99305,北区滝野川１,139.737382,35.750248
1133211,東十条,11332,北区東十条３丁目,139.726858,35.763803
1132110,浮間舟渡,11321,北区浮間４丁目,139.691341,35.791209
9930514,梶原,99305,北区堀船３,139.747403,35.751162
2100202,とうきょうスカイツリー,21002,墨田区押上１丁目,139.809332,35.71043
2100203,押上〈スカイツリー前〉,21002,墨田区押上一丁目,139.812935,35.710702
2300201,押上（スカイツリー前）,23002,墨田区押上一丁目,139.812935,35.710702
2800813,押上〈スカイツリー前〉,28008,墨田区押上一丁目,139.812935,35.710702
9930220,押上（スカイツリー前）,99302,墨田区押上一丁目,139.812935,35.710702
1131321,両国,11313,墨田区横網１丁目,139.793334,35.69579
9930113,両国,99301,墨田区横網１丁目,139.797421,35.696881
9930412,菊川,99304,墨田区菊川３-１６-２,139.806016,35.688379
2300202,京成曳舟,23002,墨田区京島１-３９-１,139.820012,35.718441
9930219,本所吾妻橋,99302,墨田区吾妻橋３-７-１６,139.804624,35.70858
1131322,錦糸町,11313,墨田区江東橋３丁目,139.814136,35.696802
1131404,錦糸町,11314,墨田区江東橋３丁目,139.814136,35.696802
2800812,錦糸町,28008,墨田区江東橋３丁目,139.814941,35.697578
2100204,曳舟,21002,墨田区東向島２丁目,139.816634,35.718418
2100501,曳舟,21005,墨田区東向島２丁目,139.816634,35.718418
2100205,東向島,21002,墨田区東向島４丁目,139.819306,35.724324
2300203,八広,23002,墨田区八広６-２５-２０,139.828738,35.727687
2100502,小村井,21005,墨田区文花２-２０-１,139.827595,35.710316
2100503,東あずま,21005,墨田区立花４-２３-８,139.831883,35.707067
2400603,駒場東大前,24006,目黒区駒場３-９-１,139.684308,35.65868
2600107,自由が丘,26001,目黒区自由が丘１-３０-１,139.668664,35.607224
2600410,自由が丘,26004,目黒区自由が丘１-３０-１,139.668664,35.607224
2600103,中目黒,26001,目黒区上目黒３-４-１,139.698621,35.643854
2800321,中目黒,28003,目黒区上目黒３-４-１,139.698621,35.643854
2600205,洗足,26002,目黒区洗足２-２１-１,139.694367,35.61043
2600105,学芸大学,26001,目黒区鷹番３-２-１,139.68522,35.628786
2600106,都立大学,26001,目黒区中根１-５-１,139.676393,35.617835
2600104,祐天寺,26001,目黒区祐天寺２-１３-３,139.690758,35.637163
2600409,緑が丘,26004,目黒区緑が丘３-１-１２,139.679482,35.60638
1130324,西国立,11303,立川市羽衣町１丁目,139.423887,35.69375
9933416,砂川七番,99334,立川市幸町５-１,139.418097,35.723319
2200805,玉川上水,22008,立川市幸町６-３６-１,139.418435,35.731751
9933417,玉川上水,99334,立川市幸町６-３６-１,139.417866,35.73223
9933413,高松,99334,立川市高松町１-１００,139.413242,35.710158
9933411,立川南,99334,立川市柴崎町３-７,139.412546,35.696077
9933410,柴崎体育館,99334,立川市柴崎町６-１０７,139.409191,35.689475
9933412,立川北,99334,立川市曙町２-４,139.41254,35.699502
2200806,武蔵砂川,22008,立川市上砂町５-４４-４,139.392319,35.728876
2200807,西武立川,22008,立川市西砂町１-２１-２,139.370124,35.7262
9933415,泉体育館,99334,立川市泉町８４１,139.419525,35.718775
9933414,立飛,99334,立川市泉町９３５,139.417387,35.714717
1131502,西立川,11315,立川市富士見町１丁目,139.393556,35.703526
2200104,江古田,22001,練馬区旭丘１-７８-７,139.672814,35.737557
2200108,富士見台,22001,練馬区貫井３-７-４,139.62969,35.735867
2200714,武蔵関,22007,練馬区関町北２-２９-１,139.576417,35.7276
9930138,光が丘,99301,練馬区光が丘２-９-５,139.628603,35.758526
2200109,練馬高野台,22001,練馬区高野台１-７-２７,139.616749,35.740622
2200302,新桜台,22003,練馬区桜台１-２８-１１,139.6683,35.74077
2200105,桜台,22001,練馬区桜台１-５-１,139.662602,35.738797
9930137,練馬春日町,99301,練馬区春日町３-２９-２５,139.640236,35.751452
2200713,上石神井,22007,練馬区上石神井１-２-４５,139.592266,35.726189
2200110,石神井公園,22001,練馬区石神井町３-２３-１０,139.606981,35.743563
2200107,中村橋,22001,練馬区中村北４-２-１,139.637456,35.736767
2200111,大泉学園,22001,練馬区東大泉１-２９-７,139.586732,35.749406
9930135,練馬,99301,練馬区練馬１-３-５,139.65477,35.737404
2200106,練馬,22001,練馬区練馬１-３-５,139.654368,35.737893
2200303,練馬,22003,練馬区練馬１-３-５,139.654368,35.737893
2200401,練馬,22004,練馬区練馬１-３-５,139.654368,35.737893
2200402,豊島園,22004,練馬区練馬４-１６-５,139.647979,35.742054
9930136,豊島園,99301,練馬区練馬４-１６-５,139.64911,35.742067